customer_id,full_name,email,phone,register_date
1,Yael Cohen,user1@example.com,0545108603,2023-08-17
2,Hila Biton,user2@example.com,0582458591,2024-08-27
3,Bar Levi,user3@example.com,0502571945,2023-08-12
4,Shira Buzaglo,user4@example.com,0591445199,2024-07-28
5,Lior Katz,user5@example.com,0564698379,2024-04-04
6,Yarden Sharabi,user6@example.com,0503678638,2024-12-15
7,Bar Ben David,user7@example.com,0543608513,2023-08-09
8,Eden Biton,user8@example.com,0517374122,2023-04-10
9,Neta Aharon,user9@example.com,0595437923,2023-02-14
10,Moran Katz,user10@example.com,0517350753,2023-03-22
11,Tal Malka,user11@example.com,0597067228,2024-08-14
12,Lior Mizrahi,user12@example.com,0504823498,2023-10-24
13,Dana Avraham,user13@example.com,0517377459,2023-10-12
14,Moran Aharon,user14@example.com,0527210606,2023-12-30
15,Lior Sharabi,user15@example.com,0513871230,2024-06-30
16,Shira Peretz,user16@example.com,0577366205,2023-10-04
17,Tal Avraham,user17@example.com,0551938483,2023-08-23
18,Maya Ben David,user18@example.com,0565491946,2023-03-09
19,Lior Mor,user19@example.com,0554567281,2024-11-02
20,Gal Ohana,user20@example.com,0573396987,2023-09-29
21,Hila Avraham,user21@example.com,0585408072,2024-08-21
22,Bar Mor,user22@example.com,0567073292,2023-08-13
23,Hila Buzaglo,user23@example.com,0572525206,2023-02-18
24,Yael Azulay,user24@example.com,0528082668,2024-09-02
25,Dana Ohana,user25@example.com,0568852574,2024-06-25
26,Amit Katz,user26@example.com,0502921859,2024-11-29
27,Tal Sharabi,user27@example.com,0552871534,2023-10-28
28,Bar Peretz,user28@example.com,0571054447,2023-09-27
29,Ofir Peretz,user29@example.com,0582785277,2024-10-02
30,Roni Buzaglo,user30@example.com,0594337174,2023-06-06
31,Neta Peretz,user31@example.com,0589897858,2023-01-01
32,Shelly Ben David,user32@example.com,0571326765,2023-04-25
33,Neta Malka,user33@example.com,0531971823,2023-09-04
34,Yarden Mizrahi,user34@example.com,0519153566,2023-03-12
35,Tal Azulay,user35@example.com,0528973915,2024-07-16
36,Tamar Sharabi,user36@example.com,0588099076,2023-08-05
37,Tal David,user37@example.com,0547693979,2024-11-18
38,Neta Yosef,user38@example.com,0588574680,2023-05-04
39,Shira Avraham,user39@example.com,0516672134,2023-01-22
40,Yarden Katz,user40@example.com,0534694634,2023-01-08
41,Dana Levi,user41@example.com,0532130789,2023-02-02
42,Eden Mizrahi,user42@example.com,0584993055,2023-10-13
43,Gal David,user43@example.com,0583219824,2024-08-07
44,Yarden Haddad,user44@example.com,0538935169,2024-02-21
45,Lior Biton,user45@example.com,0518231838,2023-12-29
46,Bar Abutbul,user46@example.com,0571908841,2024-11-20
47,Yael Levi,user47@example.com,0566692553,2023-04-22
48,Shira David,user48@example.com,0539997381,2024-04-04
49,Hila Abutbul,user49@example.com,0525673212,2024-04-18
50,Shira Mizrahi,user50@example.com,0572642635,2023-02-21
51,Tal Cohen,user51@example.com,0514965789,2023-06-20
52,Bar Haddad,user52@example.com,0574586084,2024-02-15
53,Maya Peretz,user53@example.com,0561036161,2024-02-04
54,Amit Yosef,user54@example.com,0548096887,2024-12-14
55,Tal Haddad,user55@example.com,0524185957,2023-10-31
56,Lior Levi,user56@example.com,0592022698,2023-11-18
57,Maya Levi,user57@example.com,0598999183,2024-05-29
58,Ofir Peretz,user58@example.com,0509519948,2023-03-24
59,Tamar Mizrahi,user59@example.com,0592140194,2024-11-22
60,Shira Ohana,user60@example.com,0515130808,2024-08-15
61,Shelly Levi,user61@example.com,0592375453,2024-03-05
62,Yarden Mor,user62@example.com,0586307805,2023-09-25
63,Lior Ben David,user63@example.com,0535456272,2024-02-10
64,Hila Malka,user64@example.com,0576304573,2023-03-16
65,Noa Yosef,user65@example.com,0592677407,2023-03-17
66,Tal David,user66@example.com,0585449324,2023-05-16
67,Neta Mizrahi,user67@example.com,0537199635,2023-10-19
68,Tamar Yosef,user68@example.com,0586075395,2024-09-18
69,Ofir Cohen,user69@example.com,0586022741,2024-11-10
70,Yael Azulay,user70@example.com,0542936571,2023-04-20
71,Tal Azulay,user71@example.com,0545727085,2024-09-11
72,Lior Ben David,user72@example.com,0535428914,2024-06-01
73,Gal Sharabi,user73@example.com,0502548511,2024-10-11
74,Bar Sharabi,user74@example.com,0501059486,2023-12-08
75,Hila Sharabi,user75@example.com,0528412769,2024-07-18
76,Bar Katz,user76@example.com,0502876932,2023-03-19
77,Hila Katz,user77@example.com,0507194416,2024-08-19
78,Tal Azulay,user78@example.com,0563138181,2023-02-12
79,Roni Aharon,user79@example.com,0507003042,2023-08-04
80,Shira Biton,user80@example.com,0557817881,2024-09-27
81,Hila Avraham,user81@example.com,0523970445,2024-02-27
82,Noa Peretz,user82@example.com,0557907400,2024-11-16
83,Shira Sharabi,user83@example.com,0522813543,2024-01-27
84,Maya Haddad,user84@example.com,0534348276,2024-04-16
85,Neta Malka,user85@example.com,0534740036,2023-01-25
86,Lior Ohana,user86@example.com,0555674183,2023-03-13
87,Amit Aharon,user87@example.com,0587705490,2024-11-26
88,Tal Ben David,user88@example.com,0502935113,2023-09-25
89,Tamar Mor,user89@example.com,0541641849,2023-04-22
90,Shelly Abutbul,user90@example.com,0556262632,2024-03-22
91,Shelly Buzaglo,user91@example.com,0517462506,2024-08-13
92,Lior Sharabi,user92@example.com,0508315831,2023-01-02
93,Ofir Katz,user93@example.com,0537110622,2024-03-17
94,Dana Ben David,user94@example.com,0596266630,2024-11-10
95,Yael Malka,user95@example.com,0586188935,2024-11-13
96,Bar Ben David,user96@example.com,0565960271,2024-07-21
97,Hila David,user97@example.com,0567361002,2024-11-24
98,Tamar Dayan,user98@example.com,0596049101,2024-02-20
99,Tal Cohen,user99@example.com,0545813613,2023-08-04
100,Bar Mor,user100@example.com,0596406444,2024-04-21
101,Moran Yosef,user101@example.com,0539576076,2024-04-29
102,Tamar Mizrahi,user102@example.com,0549647849,2024-11-10
103,Shelly Ben David,user103@example.com,0514940441,2024-11-19
104,Roni Avraham,user104@example.com,0533472189,2023-01-26
105,Maya Avraham,user105@example.com,0572221854,2024-04-11
106,Bar Mor,user106@example.com,0537442089,2024-05-21
107,Adi Avraham,user107@example.com,0521093026,2023-04-20
108,Bar Avraham,user108@example.com,0529689889,2024-04-20
109,Maya Katz,user109@example.com,0533036059,2024-04-12
110,Hila Yosef,user110@example.com,0586323376,2024-03-29
111,Shelly Buzaglo,user111@example.com,0568481188,2023-06-12
112,Gal Yosef,user112@example.com,0545147994,2024-10-14
113,Amit Buzaglo,user113@example.com,0575013879,2023-10-09
114,Moran Mizrahi,user114@example.com,0544934149,2023-10-06
115,Eden Ben David,user115@example.com,0582351868,2023-05-22
116,Hila Avraham,user116@example.com,0563563646,2024-12-24
117,Lior Mizrahi,user117@example.com,0567838382,2023-12-05
118,Tal Yosef,user118@example.com,0562044645,2023-07-31
119,Bar Ohana,user119@example.com,0591327691,2024-08-12
120,Adi Haddad,user120@example.com,0506901533,2023-11-02
121,Adi Abutbul,user121@example.com,0584700025,2024-05-14
122,Shira Sharabi,user122@example.com,0569147720,2023-01-30
123,Adi Ben David,user123@example.com,0563768991,2024-04-23
124,Hila Dayan,user124@example.com,0581452421,2024-02-08
125,Yarden Mor,user125@example.com,0502408404,2024-10-20
126,Bar Azulay,user126@example.com,0574048907,2023-02-21
127,Amit Ohana,user127@example.com,0554551070,2024-04-10
128,Eden Ben David,user128@example.com,0565668371,2024-03-07
129,Amit Mizrahi,user129@example.com,0571325197,2024-07-06
130,Maya Aharon,user130@example.com,0532151225,2024-10-29
131,Maya Cohen,user131@example.com,0534344717,2023-01-21
132,Shelly Azulay,user132@example.com,0533117636,2024-04-29
133,Yael Mor,user133@example.com,0538801975,2024-12-17
134,Amit Aharon,user134@example.com,0522921542,2023-06-17
135,Roni Biton,user135@example.com,0591430812,2023-11-16
136,Yarden Ohana,user136@example.com,0564327421,2023-03-19
137,Yarden Avraham,user137@example.com,0516059717,2024-12-01
138,Shelly Biton,user138@example.com,0591689025,2023-12-22
139,Tal Abutbul,user139@example.com,0552156902,2024-06-02
140,Eden Cohen,user140@example.com,0569224219,2023-04-19
141,Bar Aharon,user141@example.com,0573566765,2024-03-21
142,Tamar Buzaglo,user142@example.com,0549111742,2024-04-21
143,Bar Mor,user143@example.com,0546407373,2023-09-09
144,Dana Sharabi,user144@example.com,0575091349,2024-04-20
145,Yarden Dayan,user145@example.com,0566643798,2023-01-30
146,Gal Ben David,user146@example.com,0529179730,2023-08-06
147,Neta Sharabi,user147@example.com,0555691890,2024-09-02
148,Amit Katz,user148@example.com,0509667566,2023-07-15
149,Dana Avraham,user149@example.com,0569196976,2024-07-22
150,Shira Haddad,user150@example.com,0578519121,2023-01-18
151,Dana Malka,user151@example.com,0537784725,2024-12-09
152,Shira Malka,user152@example.com,0597191135,2024-04-29
153,Tal Buzaglo,user153@example.com,0558138769,2024-07-17
154,Eden Aharon,user154@example.com,0575545223,2023-11-10
155,Amit Avraham,user155@example.com,0514231028,2023-11-20
156,Yael Katz,user156@example.com,0524213524,2023-08-10
157,Gal Sharabi,user157@example.com,0599801946,2024-09-03
158,Roni Biton,user158@example.com,0535970190,2023-08-21
159,Neta Peretz,user159@example.com,0541237370,2024-12-26
160,Tal Azulay,user160@example.com,0541763626,2023-02-25
161,Tal Malka,user161@example.com,0529235577,2023-04-16
162,Noa Mor,user162@example.com,0548875173,2024-05-05
163,Moran Ben David,user163@example.com,0521861958,2023-09-16
164,Gal Biton,user164@example.com,0517722755,2024-05-18
165,Dana Mor,user165@example.com,0503545556,2023-06-02
166,Yarden Malka,user166@example.com,0515163953,2023-05-02
167,Tal Abutbul,user167@example.com,0594786401,2024-06-19
168,Adi Yosef,user168@example.com,0575988757,2024-08-25
169,Bar Malka,user169@example.com,0592010496,2024-09-16
170,Yael David,user170@example.com,0535440025,2024-11-07
171,Dana Peretz,user171@example.com,0533916107,2024-07-19
172,Dana Peretz,user172@example.com,0507853787,2024-04-06
173,Shelly Haddad,user173@example.com,0541547605,2023-08-26
174,Roni Malka,user174@example.com,0572194198,2024-12-04
175,Shira Sharabi,user175@example.com,0594318855,2024-03-11
176,Yael Katz,user176@example.com,0533499627,2023-09-30
177,Hila Mizrahi,user177@example.com,0503783722,2023-11-11
178,Shelly Mor,user178@example.com,0548367772,2023-05-08
179,Moran Malka,user179@example.com,0565567533,2024-05-27
180,Tal Haddad,user180@example.com,0572349590,2024-09-04
181,Maya Abutbul,user181@example.com,0555200476,2023-01-27
182,Dana Avraham,user182@example.com,0591348050,2024-11-19
183,Amit Mor,user183@example.com,0503939212,2024-04-26
184,Ofir Yosef,user184@example.com,0544044882,2024-08-22
185,Bar Haddad,user185@example.com,0518885465,2023-12-23
186,Bar Ben David,user186@example.com,0552754894,2023-06-14
187,Eden Abutbul,user187@example.com,0575835492,2024-11-09
188,Adi Katz,user188@example.com,0508630712,2023-04-01
189,Eden Sharabi,user189@example.com,0552944841,2024-02-18
190,Ofir Cohen,user190@example.com,0588750676,2024-02-28
191,Maya David,user191@example.com,0587069650,2024-09-29
192,Gal Yosef,user192@example.com,0504415140,2023-10-01
193,Tal Azulay,user193@example.com,0548350368,2024-12-16
194,Gal Biton,user194@example.com,0505014745,2024-12-27
195,Tamar Malka,user195@example.com,0581229419,2024-07-19
196,Bar Mizrahi,user196@example.com,0532903561,2024-04-17
197,Yael Azulay,user197@example.com,0575896624,2024-06-05
198,Amit Abutbul,user198@example.com,0578922533,2023-09-07
199,Moran Katz,user199@example.com,0527435505,2023-07-15
200,Shelly Buzaglo,user200@example.com,0522171218,2023-10-10
201,Bar Ben David,user201@example.com,0585482413,2023-01-03
202,Roni Malka,user202@example.com,0599214801,2023-06-02
203,Moran Katz,user203@example.com,0576790218,2023-12-07
204,Tal Katz,user204@example.com,0568639414,2023-11-26
205,Lior Avraham,user205@example.com,0597425184,2023-08-28
206,Bar Levi,user206@example.com,0558935224,2024-12-23
207,Adi Ohana,user207@example.com,0529310235,2023-02-07
208,Hila Buzaglo,user208@example.com,0596569946,2023-04-13
209,Moran Biton,user209@example.com,0588665981,2023-01-16
210,Hila Abutbul,user210@example.com,0522255409,2024-04-25
211,Amit Ben David,user211@example.com,0597668663,2024-10-27
212,Dana Ben David,user212@example.com,0587375499,2023-11-21
213,Gal Katz,user213@example.com,0502147909,2023-08-29
214,Roni Avraham,user214@example.com,0518280833,2023-04-11
215,Yael Yosef,user215@example.com,0526024207,2023-01-30
216,Maya Ben David,user216@example.com,0505921894,2024-01-03
217,Neta Abutbul,user217@example.com,0525096953,2024-06-27
218,Bar Mor,user218@example.com,0523851852,2023-06-29
219,Dana Dayan,user219@example.com,0565040453,2024-05-24
220,Yarden Azulay,user220@example.com,0538736811,2024-10-15
221,Amit Yosef,user221@example.com,0541157662,2024-04-21
222,Roni Katz,user222@example.com,0522239197,2024-03-28
223,Neta Mor,user223@example.com,0548118722,2024-12-07
224,Amit Yosef,user224@example.com,0544342306,2024-01-29
225,Gal Biton,user225@example.com,0537398231,2024-08-08
226,Neta Mor,user226@example.com,0545953150,2023-01-23
227,Adi Sharabi,user227@example.com,0501822825,2024-09-12
228,Gal Malka,user228@example.com,0536910964,2023-08-13
229,Lior Dayan,user229@example.com,0543294774,2024-10-05
230,Yael Levi,user230@example.com,0548395785,2023-02-04
231,Yarden Aharon,user231@example.com,0522512187,2023-10-30
232,Eden Abutbul,user232@example.com,0524368777,2023-05-16
233,Tal Aharon,user233@example.com,0589418719,2023-10-07
234,Tamar Sharabi,user234@example.com,0575951651,2023-12-13
235,Yael Yosef,user235@example.com,0513361510,2023-08-20
236,Adi Katz,user236@example.com,0552515030,2024-02-09
237,Noa Sharabi,user237@example.com,0583073474,2024-04-10
238,Neta Sharabi,user238@example.com,0597392547,2024-10-15
239,Neta Biton,user239@example.com,0538910069,2023-01-26
240,Shelly Katz,user240@example.com,0554713925,2024-10-25
241,Dana Yosef,user241@example.com,0547850067,2023-04-30
242,Hila Levi,user242@example.com,0506106390,2024-05-19
243,Yael Biton,user243@example.com,0533276065,2024-02-02
244,Moran Aharon,user244@example.com,0588031780,2024-08-24
245,Hila Abutbul,user245@example.com,0519209880,2024-09-22
246,Bar Sharabi,user246@example.com,0507216461,2023-08-11
247,Moran Yosef,user247@example.com,0537084862,2023-04-12
248,Neta Katz,user248@example.com,0552015861,2024-02-12
249,Amit David,user249@example.com,0518628891,2023-04-04
250,Lior Dayan,user250@example.com,0501848566,2023-12-08
251,Shira Azulay,user251@example.com,0594442778,2023-03-12
252,Tal David,user252@example.com,0594623062,2023-08-27
253,Eden Azulay,user253@example.com,0591047572,2023-10-11
254,Hila Azulay,user254@example.com,0585205279,2023-06-28
255,Yael Cohen,user255@example.com,0521249314,2024-01-02
256,Shira Mor,user256@example.com,0551264762,2023-06-28
257,Amit Levi,user257@example.com,0528062546,2024-06-22
258,Yael Mizrahi,user258@example.com,0578520810,2024-01-06
259,Ofir Mor,user259@example.com,0518583392,2024-05-30
260,Shira Dayan,user260@example.com,0509748499,2023-11-05
261,Moran Cohen,user261@example.com,0509035982,2024-02-16
262,Bar Biton,user262@example.com,0578441741,2023-03-17
263,Dana Ben David,user263@example.com,0593488628,2023-03-09
264,Hila Sharabi,user264@example.com,0596455706,2024-01-26
265,Shelly Buzaglo,user265@example.com,0548612081,2024-06-01
266,Shelly Abutbul,user266@example.com,0512919549,2024-11-01
267,Tal David,user267@example.com,0568575834,2023-08-22
268,Bar Ben David,user268@example.com,0577689582,2024-03-01
269,Yael Ben David,user269@example.com,0566243275,2024-11-12
270,Amit Aharon,user270@example.com,0528956894,2023-03-10
271,Dana Mizrahi,user271@example.com,0518245685,2023-04-09
272,Neta Azulay,user272@example.com,0582006313,2024-08-23
273,Tal Katz,user273@example.com,0553050700,2024-02-25
274,Neta Abutbul,user274@example.com,0505825620,2024-09-06
275,Roni Aharon,user275@example.com,0519512969,2023-08-06
276,Hila Haddad,user276@example.com,0532815603,2023-12-25
277,Tal Aharon,user277@example.com,0515673599,2024-08-10
278,Shira Abutbul,user278@example.com,0581440466,2024-09-15
279,Amit Cohen,user279@example.com,0525584716,2024-12-20
280,Roni Ben David,user280@example.com,0551102438,2023-07-05
281,Hila Mor,user281@example.com,0562167449,2023-05-26
282,Noa Mizrahi,user282@example.com,0584609330,2024-01-21
283,Bar Yosef,user283@example.com,0553640889,2024-01-14
284,Roni Ben David,user284@example.com,0592425342,2023-02-23
285,Hila Peretz,user285@example.com,0591834876,2024-11-21
286,Dana Sharabi,user286@example.com,0578113787,2024-05-12
287,Shelly Yosef,user287@example.com,0565582979,2023-08-09
288,Ofir Biton,user288@example.com,0558212753,2023-04-24
289,Roni Mor,user289@example.com,0579840487,2024-11-14
290,Roni Levi,user290@example.com,0537631419,2024-09-05
291,Maya Cohen,user291@example.com,0536056977,2023-08-05
292,Hila Sharabi,user292@example.com,0546504979,2023-05-03
293,Noa Haddad,user293@example.com,0563947669,2023-05-13
294,Adi Katz,user294@example.com,0539393009,2024-07-26
295,Neta Mizrahi,user295@example.com,0561709714,2024-03-22
296,Noa Yosef,user296@example.com,0516252285,2024-08-12
297,Bar Mor,user297@example.com,0568007741,2023-10-24
298,Yael Ohana,user298@example.com,0506448705,2023-06-25
299,Shelly Yosef,user299@example.com,0552478574,2024-03-23
300,Yael Avraham,user300@example.com,0567718433,2024-06-20
301,Dana Ohana,user301@example.com,0546696087,2023-08-15
302,Eden Peretz,user302@example.com,0519564488,2024-10-10
303,Yael Buzaglo,user303@example.com,0584253164,2023-12-24
304,Neta Azulay,user304@example.com,0532724773,2023-05-30
305,Amit David,user305@example.com,0523564729,2024-11-02
306,Dana Peretz,user306@example.com,0578783840,2024-07-31
307,Yarden Yosef,user307@example.com,0596422534,2024-10-04
308,Eden Azulay,user308@example.com,0572145653,2024-04-25
309,Moran Malka,user309@example.com,0541942411,2023-12-27
310,Ofir Mizrahi,user310@example.com,0548746753,2024-04-07
311,Maya Levi,user311@example.com,0555816353,2023-03-20
312,Dana Dayan,user312@example.com,0599507186,2024-01-29
313,Moran Mor,user313@example.com,0581688246,2024-04-05
314,Yarden David,user314@example.com,0558979730,2024-05-28
315,Hila Levi,user315@example.com,0572736473,2023-12-18
316,Dana Buzaglo,user316@example.com,0521656695,2023-09-11
317,Moran Yosef,user317@example.com,0589770256,2024-09-16
318,Tamar Aharon,user318@example.com,0555746166,2024-02-01
319,Bar Ben David,user319@example.com,0591878547,2024-10-08
320,Eden Mizrahi,user320@example.com,0552585546,2024-07-25
321,Adi Malka,user321@example.com,0543522845,2023-12-08
322,Dana Mor,user322@example.com,0526869018,2023-11-14
323,Adi Azulay,user323@example.com,0592421349,2023-11-14
324,Tal Ohana,user324@example.com,0553144023,2024-11-17
325,Ofir Mizrahi,user325@example.com,0569531021,2024-01-06
326,Noa Aharon,user326@example.com,0544024309,2023-08-08
327,Eden Haddad,user327@example.com,0534800761,2023-05-21
328,Hila Mizrahi,user328@example.com,0542696860,2024-06-03
329,Tal Buzaglo,user329@example.com,0506649968,2024-09-24
330,Hila Dayan,user330@example.com,0563587931,2023-06-16
331,Tamar Dayan,user331@example.com,0528342941,2023-02-14
332,Bar Aharon,user332@example.com,0538452417,2024-09-17
333,Roni Yosef,user333@example.com,0539959220,2023-09-02
334,Roni Haddad,user334@example.com,0537171347,2024-11-25
335,Yarden Yosef,user335@example.com,0575727345,2024-01-27
336,Ofir Buzaglo,user336@example.com,0563718884,2023-07-24
337,Shelly Azulay,user337@example.com,0541875431,2024-10-18
338,Gal Aharon,user338@example.com,0582721170,2024-12-29
339,Ofir Biton,user339@example.com,0542407191,2023-06-14
340,Amit Yosef,user340@example.com,0583472100,2024-03-23
341,Dana Avraham,user341@example.com,0576865064,2023-01-28
342,Bar Levi,user342@example.com,0569422281,2024-01-18
343,Shira Ohana,user343@example.com,0517289990,2023-08-18
344,Noa Ben David,user344@example.com,0516625238,2023-05-30
345,Hila Levi,user345@example.com,0548926478,2024-12-13
346,Hila Haddad,user346@example.com,0571088100,2023-03-23
347,Noa Sharabi,user347@example.com,0533508522,2024-07-15
348,Shelly Buzaglo,user348@example.com,0562865405,2023-10-23
349,Shira Malka,user349@example.com,0511801102,2023-09-02
350,Bar Dayan,user350@example.com,0572053729,2023-04-24
351,Gal Dayan,user351@example.com,0581275739,2024-10-09
352,Ofir Mor,user352@example.com,0533408819,2023-10-26
353,Bar Cohen,user353@example.com,0596919270,2023-09-04
354,Yarden Abutbul,user354@example.com,0522436363,2024-06-20
355,Neta Mizrahi,user355@example.com,0589511546,2024-06-03
356,Tal Cohen,user356@example.com,0568887557,2023-02-14
357,Adi Aharon,user357@example.com,0541272499,2024-01-01
358,Dana Aharon,user358@example.com,0532739191,2024-08-18
359,Eden Azulay,user359@example.com,0506910597,2024-07-13
360,Eden Peretz,user360@example.com,0579028420,2024-10-08
361,Tamar Azulay,user361@example.com,0518678589,2023-02-07
362,Roni David,user362@example.com,0504346548,2023-02-12
363,Eden Malka,user363@example.com,0587681090,2024-07-10
364,Gal Sharabi,user364@example.com,0504206183,2023-10-20
365,Neta Levi,user365@example.com,0555583814,2023-05-08
366,Neta Abutbul,user366@example.com,0568377556,2024-01-31
367,Eden Peretz,user367@example.com,0579347057,2024-01-12
368,Ofir Sharabi,user368@example.com,0518121922,2023-03-22
369,Bar Dayan,user369@example.com,0525928582,2023-11-25
370,Yael Mizrahi,user370@example.com,0555960015,2023-11-10
371,Moran Dayan,user371@example.com,0563795835,2024-12-07
372,Moran Aharon,user372@example.com,0571710601,2023-12-28
373,Shelly Abutbul,user373@example.com,0541962308,2023-03-18
374,Adi Aharon,user374@example.com,0583684131,2023-02-01
375,Hila Dayan,user375@example.com,0571583829,2023-05-10
376,Dana Avraham,user376@example.com,0557075878,2024-01-28
377,Yarden Levi,user377@example.com,0593574265,2024-11-26
378,Moran Aharon,user378@example.com,0558448065,2023-03-20
379,Yarden Azulay,user379@example.com,0587156398,2024-02-12
380,Eden Sharabi,user380@example.com,0532903351,2023-01-27
381,Tamar Haddad,user381@example.com,0587492570,2024-07-29
382,Yael Sharabi,user382@example.com,0548487220,2023-08-08
383,Shelly Malka,user383@example.com,0574358435,2023-05-06
384,Hila Mizrahi,user384@example.com,0573896693,2024-12-31
385,Moran Mizrahi,user385@example.com,0556828829,2024-12-27
386,Dana Katz,user386@example.com,0585871470,2023-11-04
387,Tamar Peretz,user387@example.com,0559535505,2023-08-18
388,Yael David,user388@example.com,0524971774,2024-05-20
389,Noa Aharon,user389@example.com,0587189302,2024-04-23
390,Tal Azulay,user390@example.com,0592446455,2023-03-09
391,Roni Ohana,user391@example.com,0579819709,2024-02-25
392,Bar Mor,user392@example.com,0513102634,2023-11-21
393,Dana Yosef,user393@example.com,0579679860,2023-12-19
394,Hila Katz,user394@example.com,0594052834,2023-05-13
395,Bar Buzaglo,user395@example.com,0503083077,2024-06-14
396,Hila Malka,user396@example.com,0523717354,2023-11-27
397,Shira Aharon,user397@example.com,0585765539,2023-03-22
398,Amit David,user398@example.com,0585604524,2023-05-09
399,Roni Dayan,user399@example.com,0582567468,2024-05-29
400,Tamar Mor,user400@example.com,0593586950,2023-06-25
401,Shelly Dayan,user401@example.com,0551691125,2023-01-30
402,Dana Levi,user402@example.com,0595440189,2024-10-28
403,Lior Mor,user403@example.com,0561508113,2024-05-24
404,Tal Malka,user404@example.com,0549102469,2023-09-08
405,Adi Malka,user405@example.com,0572224284,2024-12-06
406,Maya Peretz,user406@example.com,0577972975,2024-05-10
407,Moran David,user407@example.com,0553410360,2023-11-17
408,Eden Aharon,user408@example.com,0563193891,2024-01-15
409,Ofir Katz,user409@example.com,0516353876,2023-09-05
410,Moran Biton,user410@example.com,0548542969,2023-09-11
411,Hila Biton,user411@example.com,0505868949,2024-01-29
412,Shelly Abutbul,user412@example.com,0533679315,2023-12-02
413,Yarden Ben David,user413@example.com,0533673322,2024-05-25
414,Ofir Yosef,user414@example.com,0576176450,2024-05-24
415,Noa Mizrahi,user415@example.com,0569479950,2024-04-13
416,Shira David,user416@example.com,0596920597,2023-02-19
417,Maya Malka,user417@example.com,0578895137,2023-10-20
418,Tal Cohen,user418@example.com,0518229768,2023-05-18
419,Amit Aharon,user419@example.com,0567139410,2023-02-16
420,Adi Levi,user420@example.com,0594265774,2024-01-07
421,Tal Malka,user421@example.com,0517481857,2024-05-31
422,Moran Katz,user422@example.com,0542993318,2023-05-12
423,Yael Ohana,user423@example.com,0556688907,2024-07-25
424,Neta Azulay,user424@example.com,0539541658,2024-02-16
425,Ofir Levi,user425@example.com,0501652868,2023-05-21
426,Eden Haddad,user426@example.com,0588666995,2023-06-02
427,Shelly Buzaglo,user427@example.com,0526502353,2024-09-19
428,Eden Peretz,user428@example.com,0566020319,2024-08-30
429,Eden Buzaglo,user429@example.com,0589931180,2024-05-16
430,Yarden Malka,user430@example.com,0571279121,2024-01-13
431,Eden Biton,user431@example.com,0566161977,2024-12-05
432,Noa Dayan,user432@example.com,0575454861,2024-11-02
433,Yarden Mor,user433@example.com,0531861596,2024-08-20
434,Gal Peretz,user434@example.com,0587378535,2023-06-01
435,Shira Levi,user435@example.com,0592843740,2023-07-15
436,Noa Yosef,user436@example.com,0558025967,2023-06-05
437,Bar David,user437@example.com,0569419134,2024-09-18
438,Gal Levi,user438@example.com,0529702060,2023-08-01
439,Tal Ben David,user439@example.com,0579816043,2024-01-21
440,Eden Peretz,user440@example.com,0579944387,2023-12-17
441,Tal Aharon,user441@example.com,0549123194,2023-07-16
442,Shira Sharabi,user442@example.com,0586007984,2023-08-19
443,Roni Malka,user443@example.com,0539204110,2023-11-21
444,Gal Aharon,user444@example.com,0585587856,2023-10-22
445,Yael Mor,user445@example.com,0587370211,2024-02-09
446,Neta Azulay,user446@example.com,0541705758,2023-10-22
447,Dana Aharon,user447@example.com,0575302415,2024-05-05
448,Lior David,user448@example.com,0585548852,2024-07-29
449,Amit Azulay,user449@example.com,0515014486,2023-09-06
450,Maya Buzaglo,user450@example.com,0534906349,2023-02-23
451,Yael Abutbul,user451@example.com,0558925622,2023-04-13
452,Hila Cohen,user452@example.com,0583649811,2024-02-21
453,Gal Haddad,user453@example.com,0535819172,2023-11-25
454,Roni Levi,user454@example.com,0514896008,2024-07-01
455,Maya Peretz,user455@example.com,0563949245,2023-02-07
456,Adi Haddad,user456@example.com,0525856449,2023-02-08
457,Noa Malka,user457@example.com,0592800206,2023-12-10
458,Roni Yosef,user458@example.com,0589796605,2024-05-20
459,Hila Buzaglo,user459@example.com,0575577446,2023-07-17
460,Yael Ben David,user460@example.com,0528699307,2024-10-25
461,Amit Peretz,user461@example.com,0506655803,2023-10-30
462,Yarden David,user462@example.com,0527802999,2024-03-13
463,Ofir Ben David,user463@example.com,0517724865,2024-11-16
464,Yael Peretz,user464@example.com,0529010350,2023-11-28
465,Shira Cohen,user465@example.com,0547435310,2023-08-30
466,Moran Sharabi,user466@example.com,0556065810,2024-08-19
467,Yarden Cohen,user467@example.com,0547032283,2024-12-10
468,Shira Levi,user468@example.com,0518808032,2023-11-11
469,Tamar Ohana,user469@example.com,0586217344,2024-12-07
470,Yael Malka,user470@example.com,0554705235,2023-08-13
471,Hila Haddad,user471@example.com,0528633275,2024-09-12
472,Neta Abutbul,user472@example.com,0588899184,2024-07-04
473,Lior Avraham,user473@example.com,0592373555,2024-06-22
474,Moran Buzaglo,user474@example.com,0552310346,2024-07-31
475,Yael Levi,user475@example.com,0589480665,2023-07-27
476,Yarden Katz,user476@example.com,0523760475,2023-12-02
477,Ofir Yosef,user477@example.com,0514446065,2024-08-20
478,Gal Mizrahi,user478@example.com,0588473959,2023-02-26
479,Moran Azulay,user479@example.com,0587969667,2024-04-12
480,Yarden Levi,user480@example.com,0588757420,2024-11-19
481,Roni Cohen,user481@example.com,0565269083,2023-01-04
482,Lior Mor,user482@example.com,0511759836,2024-03-09
483,Neta Mizrahi,user483@example.com,0582010921,2023-03-12
484,Gal Levi,user484@example.com,0547859648,2023-07-04
485,Hila Abutbul,user485@example.com,0557416943,2024-04-04
486,Adi Ohana,user486@example.com,0513231198,2024-10-31
487,Neta Biton,user487@example.com,0527594429,2024-06-25
488,Hila Avraham,user488@example.com,0501381435,2023-11-02
489,Moran Katz,user489@example.com,0569924365,2024-01-24
490,Shira Avraham,user490@example.com,0576807596,2023-06-08
491,Amit David,user491@example.com,0511540516,2024-11-07
492,Bar Dayan,user492@example.com,0505037710,2023-07-31
493,Dana Biton,user493@example.com,0591563316,2024-04-02
494,Shelly Levi,user494@example.com,0531742169,2024-02-16
495,Moran Avraham,user495@example.com,0584645172,2023-02-27
496,Hila Buzaglo,user496@example.com,0544928578,2024-08-12
497,Eden Mor,user497@example.com,0596379867,2023-08-31
498,Roni Azulay,user498@example.com,0584708481,2024-02-28
499,Roni Sharabi,user499@example.com,0503938247,2024-10-03
500,Bar Katz,user500@example.com,0571786584,2023-12-19
